city,recorded_date,temperature,feels_like,humidity,pressure,wind_speed,cloudiness,precipitation,weather_code
Mumbai,2026-04-28,29.8,35.6,75,1006.2,3.99,5,0.0,1
Mumbai,2026-04-29,29.7,35.2,75,1006.6,4.71,13,0.0,3
Mumbai,2026-04-30,29.7,35.3,76,1007.6,4.11,15,0.0,1
Mumbai,2026-05-01,30.0,34.6,71,1008.0,4.74,27,0.0,2
Mumbai,2026-05-02,30.0,34.9,72,1006.7,4.18,23,0.0,1
Mumbai,2026-05-03,30.2,35.2,72,1006.7,4.11,20,0.0,1
Mumbai,2026-05-04,30.3,34.8,69,1006.5,4.53,24,0.0,1
Mumbai,2026-05-05,30.3,35.4,69,1007.9,4.0,18,0.0,1
Mumbai,2026-05-06,29.9,34.7,70,1007.0,5.12,15,0.0,2
Mumbai,2026-05-07,30.4,36.3,75,1006.0,4.07,14,0.0,1
Mumbai,2026-05-08,30.9,36.7,73,1006.6,5.09,20,0.0,2
Mumbai,2026-05-09,31.7,37.1,66,1006.8,4.84,19,0.0,3
Mumbai,2026-05-10,31.7,36.7,65,1005.4,5.06,8,0.0,1
Mumbai,2026-05-11,32.1,37.1,63,1005.1,5.81,22,0.0,3
Mumbai,2026-05-12,31.1,37.0,71,1004.4,4.92,7,0.0,2
Mumbai,2026-05-13,30.8,36.6,74,1004.2,4.17,67,0.0,3
Mumbai,2026-05-14,30.9,36.5,70,1003.9,4.7,74,0.0,3
Mumbai,2026-05-15,30.6,36.0,72,1005.1,4.18,49,0.0,3
Mumbai,2026-05-16,30.7,35.7,70,1004.5,5.2,61,0.0,3
Mumbai,2026-05-17,30.8,36.4,73,1005.0,4.88,46,0.0,3
Mumbai,2026-05-18,30.7,36.8,74,1004.7,4.7,57,0.0,3
Mumbai,2026-05-19,30.2,35.6,71,1005.9,4.03,81,0.0,3
Mumbai,2026-05-20,30.7,35.7,67,1006.2,3.82,72,0.1,51
Mumbai,2026-05-21,31.3,36.5,66,1006.1,4.42,36,0.0,3
Mumbai,2026-05-22,31.2,37.1,71,1008.3,3.33,50,1.9,51
Mumbai,2026-05-23,31.5,37.4,69,1009.0,3.03,57,1.2,51
Mumbai,2026-05-24,31.4,36.8,69,1009.4,4.25,66,3.0,53
Mumbai,2026-05-25,31.2,37.1,72,1008.2,4.54,29,2.2,51
Mumbai,2026-05-26,31.5,37.0,67,1008.2,3.65,39,1.0,51
Mumbai,2026-05-27,31.7,37.1,67,1009.0,3.81,38,0.3,51
Mumbai,2026-05-28,31.7,37.0,66,1008.8,4.09,27,0.0,3
Mumbai,2026-05-29,31.8,36.5,65,1008.2,4.07,37,1.2,51
Mumbai,2026-05-30,32.0,36.9,66,1007.3,4.43,22,0.9,51
Mumbai,2026-05-31,31.3,36.6,68,1008.4,4.2,32,4.8,53
Mumbai,2026-06-01,31.7,36.9,65,1008.4,4.16,28,0.3,51
Mumbai,2026-06-02,30.3,35.3,69,1007.6,4.45,18,1.2,51
Mumbai,2026-06-03,29.7,35.0,72,1005.8,3.92,19,2.3,61
Mumbai,2026-06-04,30.9,35.9,68,1004.7,3.95,28,0.6,51
Mumbai,2026-06-05,31.1,37.0,72,1004.6,4.06,22,3.4,53
Mumbai,2026-06-06,31.2,37.1,71,1005.6,4.11,59,2.1,51
Mumbai,2026-06-07,31.5,37.1,68,1006.5,3.77,68,2.1,53
Mumbai,2026-06-08,30.5,35.5,70,1006.5,4.76,62,4.5,53
Mumbai,2026-06-09,30.7,36.0,72,1005.9,5.12,45,6.1,61
Mumbai,2026-06-10,30.8,35.6,70,1005.9,4.94,69,9.7,61
Mumbai,2026-06-11,31.4,35.9,67,1005.4,4.9,77,1.6,51
Mumbai,2026-06-12,31.7,35.9,65,1006.4,4.9,58,1.1,51
Mumbai,2026-06-13,31.5,35.8,66,1007.6,5.46,42,1.2,51
Mumbai,2026-06-14,31.1,35.4,67,1007.9,5.27,53,2.8,53
Mumbai,2026-06-15,30.8,35.0,66,1007.7,5.17,33,2.3,53
Mumbai,2026-06-16,31.1,35.6,65,1007.7,4.66,29,0.9,51
Mumbai,2026-06-17,31.2,35.3,62,1008.2,5.41,50,0.7,51
Mumbai,2026-06-18,31.2,35.3,61,1007.8,4.31,19,0.5,51
Mumbai,2026-06-19,31.2,35.1,59,1007.5,4.58,24,0.0,3
Mumbai,2026-06-20,31.3,35.5,60,1007.8,3.97,51,0.0,3
Mumbai,2026-06-21,30.8,35.3,64,1006.7,3.65,62,0.5,51
Mumbai,2026-06-22,29.3,34.3,74,1006.0,3.78,52,12.4,63
Mumbai,2026-06-23,26.4,31.6,90,1005.1,3.25,98,51.6,63
Mumbai,2026-06-24,26.5,31.5,87,1005.6,3.33,100,29.0,63
Mumbai,2026-06-25,27.9,33.2,82,1006.0,4.25,69,6.7,55
Mumbai,2026-06-26,28.1,33.7,82,1006.4,4.25,84,5.8,61
Mumbai,2026-06-27,29.2,35.4,79,1005.4,3.1,51,0.8,51
Mumbai,2026-06-28,28.1,34.2,84,1004.6,3.6,88,11.5,63
Mumbai,2026-06-29,26.9,32.4,89,1004.6,3.45,99,26.4,61
Mumbai,2026-06-30,26.8,31.6,90,1004.6,5.75,99,57.5,63
Mumbai,2026-07-01,26.6,31.1,90,1003.7,5.94,100,86.6,65
Mumbai,2026-07-02,26.3,31.0,91,1004.5,5.5,99,55.7,63
Mumbai,2026-07-03,26.2,30.8,91,1004.9,5.23,100,51.8,63
Mumbai,2026-07-04,26.3,30.6,91,1002.5,5.32,100,78.1,63
Mumbai,2026-07-05,26.4,29.9,91,999.4,8.42,100,136.9,65
Mumbai,2026-07-06,27.0,29.7,88,999.3,9.62,100,131.8,65
Mumbai,2026-07-07,27.0,30.4,88,1000.3,7.35,100,55.4,63
Mumbai,2026-07-08,27.7,32.1,88,1002.3,7.72,100,25.9,63
Mumbai,2026-07-09,28.2,32.5,84,1005.4,5.74,93,4.0,53
Mumbai,2026-07-10,28.4,33.1,82,1007.6,5.01,74,3.2,51
Mumbai,2026-07-11,28.3,32.7,83,1007.1,5.97,91,7.6,61
Mumbai,2026-07-12,28.5,32.7,81,1005.4,6.44,68,7.6,61
Mumbai,2026-07-13,28.7,32.8,77,1006.4,5.63,75,0.9,51
Mumbai,2026-07-14,28.6,32.8,75,1007.1,4.47,83,1.3,51
Mumbai,2026-07-15,27.8,31.8,79,1007.2,5.44,61,15.9,63
Mumbai,2026-07-16,27.6,32.5,82,1007.2,3.47,81,8.7,53
Mumbai,2026-07-17,27.7,32.4,81,1006.8,4.69,95,16.4,63
Mumbai,2026-07-18,27.4,32.2,85,1006.5,6.06,97,16.2,63
Mumbai,2026-07-19,26.9,31.3,86,1006.0,5.03,99,33.1,63
Mumbai,2026-07-20,26.7,30.7,87,1005.9,6.67,99,52.9,63
Mumbai,2026-07-21,27.2,30.6,83,1005.3,6.58,97,25.2,63
Mumbai,2026-07-22,26.7,29.3,86,1004.4,9.45,100,71.0,63
Mumbai,2026-07-23,26.9,29.0,86,1002.6,9.3,100,107.0,65
Mumbai,2026-07-24,27.2,30.2,85,1002.9,8.35,88,46.0,63
Mumbai,2026-07-25,27.8,31.8,83,1003.9,6.76,87,20.6,63
Mumbai,2026-07-26,27.0,31.7,88,1004.7,4.79,91,32.1,63
Mumbai,2026-07-27,26.9,31.9,89,1003.8,5.06,95,42.9,65
Mumbai,2026-07-28,27.8,32.3,84,1003.1,6.08,76,9.2,61
Mumbai,2026-07-29,27.9,31.5,82,1002.5,6.98,90,12.1,55
Mumbai,2026-07-30,27.3,31.4,86,1000.4,5.62,99,9.8,55
Mumbai,2026-07-31,27.4,31.1,86,998.7,6.58,100,14.7,61
Mumbai,2026-08-01,27.8,31.2,83,1001.1,7.04,81,9.0,61
Mumbai,2026-08-02,27.5,31.3,84,1004.2,6.15,65,25.3,63
Mumbai,2026-08-03,27.4,31.8,85,1005.8,5.35,93,18.7,63
Mumbai,2026-08-04,27.4,31.7,82,1006.6,5.21,86,13.8,61
Mumbai,2026-08-05,27.0,31.5,85,1005.1,4.87,98,15.1,63
Mumbai,2026-08-06,27.6,31.8,82,1004.6,5.6,83,10.4,61
Mumbai,2026-08-07,27.9,31.8,80,1004.9,5.88,86,7.2,53
Mumbai,2026-08-08,27.7,32.0,82,1005.2,5.15,37,5.8,55
Mumbai,2026-08-09,27.7,32.1,81,1006.2,4.91,65,5.8,55
Mumbai,2026-08-10,27.3,31.7,82,1005.6,5.27,80,8.1,61
Mumbai,2026-08-11,26.1,30.5,89,1004.6,5.2,87,30.6,63
Mumbai,2026-08-12,26.8,31.3,86,1005.8,4.88,92,12.0,55
Mumbai,2026-08-13,27.0,31.1,83,1007.3,4.96,87,12.6,63
Mumbai,2026-08-14,27.1,31.3,82,1007.2,5.06,88,8.5,53
Mumbai,2026-08-15,26.6,31.2,86,1007.3,4.5,94,13.5,61
Mumbai,2026-08-16,27.1,31.6,84,1006.8,5.19,90,11.3,61
Mumbai,2026-08-17,27.4,31.0,80,1007.7,5.16,90,11.4,61
Mumbai,2026-08-18,27.5,31.5,82,1008.5,5.71,71,9.6,55
Mumbai,2026-08-19,27.5,31.8,83,1008.6,5.03,97,5.0,53
Mumbai,2026-08-20,27.8,32.1,80,1008.4,4.55,51,2.1,51
Mumbai,2026-08-21,27.4,31.4,79,1007.8,5.45,63,9.9,55
Mumbai,2026-08-22,27.0,31.5,84,1007.2,5.55,92,16.7,63
Mumbai,2026-08-23,27.5,32.0,82,1006.7,4.71,65,6.3,55
Mumbai,2026-08-24,27.4,32.4,84,1007.0,4.67,82,4.4,53
Mumbai,2026-08-25,27.6,32.2,81,1007.4,4.25,74,7.3,53
Mumbai,2026-08-26,27.6,32.3,82,1008.3,4.5,47,4.2,53
Mumbai,2026-08-27,27.6,31.6,80,1008.2,4.94,45,7.6,53
Mumbai,2026-08-28,27.6,31.2,80,1008.0,5.86,68,5.4,53
Mumbai,2026-08-29,27.4,31.0,80,1008.5,5.81,79,4.6,53
Mumbai,2026-08-30,27.7,31.5,79,1008.7,5.61,38,2.9,51
Mumbai,2026-08-31,27.6,31.5,78,1008.8,5.1,63,4.6,53
Mumbai,2026-09-01,27.5,31.8,80,1008.6,4.85,60,6.1,53
Mumbai,2026-09-02,26.6,31.4,84,1009.0,3.92,92,13.8,61
Mumbai,2026-09-03,27.1,31.9,82,1008.3,4.5,80,5.6,53
Mumbai,2026-09-04,26.9,31.9,84,1008.7,4.05,86,9.1,53
Mumbai,2026-09-05,26.3,31.5,87,1010.5,4.25,70,16.1,61
Mumbai,2026-09-06,26.7,31.9,85,1011.0,4.11,50,5.7,53
Mumbai,2026-09-07,26.7,31.6,84,1011.0,4.05,59,7.3,53
Mumbai,2026-09-08,26.8,31.8,84,1010.9,4.25,47,6.9,53
Mumbai,2026-09-09,27.2,32.5,83,1010.3,4.08,41,4.0,53
Mumbai,2026-09-10,27.1,32.6,82,1010.1,2.85,85,2.8,51
Mumbai,2026-09-11,27.4,32.8,82,1008.8,3.29,65,1.5,51
Mumbai,2026-09-12,27.6,32.7,80,1007.7,4.13,78,4.9,55
Mumbai,2026-09-13,26.0,30.8,88,1008.7,3.23,100,25.5,63
Mumbai,2026-09-14,26.7,30.9,83,1009.8,5.01,93,10.3,55
Mumbai,2026-09-15,26.7,30.7,83,1010.3,5.58,76,8.2,53
Mumbai,2026-09-16,27.4,32.6,83,1010.3,3.76,54,2.9,53
Mumbai,2026-09-17,28.0,33.2,80,1009.6,3.97,58,1.6,51
Mumbai,2026-09-18,27.3,32.7,84,1010.0,3.55,48,6.7,61
Delhi,2026-04-28,33.2,33.6,31,978.3,3.44,57,0.0,3
Delhi,2026-04-29,31.9,32.7,37,978.0,3.2,48,0.0,3
Delhi,2026-04-30,30.8,31.5,41,979.0,4.2,21,0.9,53
Delhi,2026-05-01,29.2,30.7,49,979.5,3.4,9,0.0,3
Delhi,2026-05-02,31.4,32.7,42,977.7,4.03,19,2.3,61
Delhi,2026-05-03,30.6,31.5,44,978.5,4.41,28,0.0,3
Delhi,2026-05-04,25.5,27.0,65,982.2,5.62,52,5.5,61
Delhi,2026-05-05,26.0,28.5,66,985.0,3.95,40,1.3,53
Delhi,2026-05-06,28.6,29.8,48,983.0,3.04,9,0.0,1
Delhi,2026-05-07,27.1,27.3,50,983.3,5.33,28,0.1,51
Delhi,2026-05-08,28.2,29.5,54,983.9,4.03,12,0.4,51
Delhi,2026-05-09,30.3,31.7,46,983.8,3.31,7,0.0,3
Delhi,2026-05-10,31.5,33.0,43,983.2,3.38,19,0.0,2
Delhi,2026-05-11,32.5,34.2,41,982.8,2.78,45,0.0,3
Delhi,2026-05-12,32.4,34.2,45,980.1,4.8,54,7.0,63
Delhi,2026-05-13,32.7,35.5,47,978.2,3.26,22,0.3,51
Delhi,2026-05-14,33.3,34.9,40,977.3,4.29,47,0.2,51
Delhi,2026-05-15,34.4,34.6,31,978.1,4.67,23,0.0,3
Delhi,2026-05-16,35.0,35.0,29,978.9,4.75,4,0.0,1
Delhi,2026-05-17,36.2,35.8,26,978.2,5.96,4,0.1,51
Delhi,2026-05-18,37.1,36.9,25,976.4,5.17,3,0.0,1
Delhi,2026-05-19,38.2,36.8,18,977.3,4.46,0,0.0,0
Delhi,2026-05-20,37.9,37.1,20,976.5,3.22,4,0.0,1
Delhi,2026-05-21,37.8,36.7,22,976.9,5.22,7,0.0,1
Delhi,2026-05-22,37.3,36.1,19,979.4,3.97,3,0.0,1
Delhi,2026-05-23,36.7,35.9,22,979.5,5.04,7,0.0,1
Delhi,2026-05-24,36.8,35.9,22,978.6,4.67,6,0.0,1
Delhi,2026-05-25,37.9,36.6,19,977.2,4.6,11,0.0,2
Delhi,2026-05-26,37.5,35.8,17,978.5,5.42,2,0.0,0
Delhi,2026-05-27,37.9,36.5,17,978.1,5.3,0,0.0,0
Delhi,2026-05-28,34.1,36.0,39,978.1,5.15,30,3.2,55
Delhi,2026-05-29,30.1,32.7,56,980.0,4.32,31,1.0,51
Delhi,2026-05-30,27.9,30.6,64,981.7,3.79,44,4.7,63
Delhi,2026-05-31,27.5,30.3,64,983.0,3.59,29,0.8,53
Delhi,2026-06-01,28.6,31.7,62,982.9,3.65,31,1.1,53
Delhi,2026-06-02,30.7,33.5,52,981.9,3.0,22,1.0,53
Delhi,2026-06-03,33.8,36.7,43,978.6,3.09,12,0.7,51
Delhi,2026-06-04,32.9,34.9,44,976.8,4.12,38,0.6,51
Delhi,2026-06-05,30.3,33.6,57,978.1,3.85,61,2.1,55
Delhi,2026-06-06,34.1,36.9,44,978.1,3.47,11,0.0,2
Delhi,2026-06-07,33.4,35.5,43,978.1,5.81,16,0.4,51
Delhi,2026-06-08,36.5,37.0,31,975.9,4.89,7,0.0,2
Delhi,2026-06-09,37.4,37.8,28,974.4,5.2,6,0.0,1
Delhi,2026-06-10,37.9,38.7,28,974.2,4.12,14,0.4,51
Delhi,2026-06-11,33.8,36.4,47,975.2,5.5,16,0.2,51
Delhi,2026-06-12,27.4,30.9,75,980.3,5.46,36,8.1,63
Delhi,2026-06-13,28.7,33.2,68,980.6,2.31,46,0.7,53
Delhi,2026-06-14,31.3,35.8,60,978.2,3.0,16,0.5,51
Delhi,2026-06-15,30.3,33.2,54,978.7,5.21,52,1.3,53
Delhi,2026-06-16,28.2,31.5,64,980.3,4.86,58,0.6,53
Delhi,2026-06-17,31.4,34.7,53,980.0,3.23,7,0.0,3
Delhi,2026-06-18,34.6,37.1,42,979.0,4.26,22,0.1,51
Delhi,2026-06-19,33.9,35.9,41,979.2,3.74,25,0.0,3
Delhi,2026-06-20,34.3,36.7,42,979.2,4.13,15,0.5,51
Delhi,2026-06-21,34.1,35.7,39,978.0,3.61,43,0.0,3
Delhi,2026-06-22,33.1,34.5,41,978.3,4.11,45,0.4,51
Delhi,2026-06-23,33.4,35.9,43,976.7,4.93,26,1.4,53
Delhi,2026-06-24,32.5,35.0,47,976.7,5.91,31,0.6,51
Delhi,2026-06-25,34.5,37.8,44,977.9,3.03,24,0.8,51
Delhi,2026-06-26,35.0,38.8,44,978.7,2.06,28,1.2,53
Delhi,2026-06-27,35.5,39.4,46,977.4,3.55,16,1.0,53
Delhi,2026-06-28,36.7,40.4,43,975.1,3.96,19,1.0,53
Delhi,2026-06-29,37.1,40.4,40,974.1,3.81,15,1.4,55
Delhi,2026-06-30,34.2,38.2,54,974.7,4.01,71,4.4,61
Delhi,2026-07-01,30.2,35.7,74,976.3,3.82,85,1.8,53
Delhi,2026-07-02,28.9,34.6,78,976.9,2.05,84,6.8,63
Delhi,2026-07-03,31.1,37.0,71,976.5,2.19,84,0.5,51
Delhi,2026-07-04,32.2,38.8,69,975.0,1.88,98,1.4,51
Delhi,2026-07-05,31.3,38.4,76,974.3,2.45,91,3.7,63
Delhi,2026-07-06,32.1,39.0,71,974.6,2.04,57,0.5,51
Delhi,2026-07-07,29.4,36.6,85,974.2,2.72,88,8.4,63
Delhi,2026-07-08,27.2,33.2,91,973.5,3.01,100,11.8,61
Delhi,2026-07-09,26.4,31.5,91,973.8,5.25,99,99.8,65
Delhi,2026-07-10,29.3,35.5,81,975.0,3.2,63,0.6,51
Delhi,2026-07-11,30.8,37.6,76,974.0,3.27,48,0.3,51
Delhi,2026-07-12,31.8,37.9,69,972.4,3.42,33,1.5,53
Delhi,2026-07-13,32.1,37.4,64,973.8,3.82,47,0.1,51
Delhi,2026-07-14,30.8,36.1,70,975.7,5.44,53,2.3,55
Delhi,2026-07-15,31.0,36.1,67,977.4,2.7,45,3.4,61
Delhi,2026-07-16,33.9,38.3,53,977.7,3.51,41,0.0,3
Delhi,2026-07-17,34.1,39.1,55,977.1,3.36,81,0.3,51
Delhi,2026-07-18,33.6,38.0,54,976.7,4.13,92,0.0,3
Delhi,2026-07-19,32.6,38.3,65,977.1,3.12,98,3.7,61
Delhi,2026-07-20,28.7,35.4,87,977.8,3.19,98,31.9,63
Delhi,2026-07-21,27.4,33.3,90,977.7,3.38,99,14.7,63
Delhi,2026-07-22,28.5,34.0,83,977.0,4.57,79,5.7,55
Delhi,2026-07-23,28.8,34.1,81,975.6,4.18,52,9.8,63
Delhi,2026-07-24,28.5,34.1,84,975.3,4.09,78,8.5,63
Delhi,2026-07-25,29.2,34.7,80,977.3,3.49,68,2.3,51
Delhi,2026-07-26,30.6,37.8,79,977.2,2.68,80,1.4,51
Delhi,2026-07-27,31.6,38.8,73,974.7,3.22,73,0.6,51
Delhi,2026-07-28,27.9,34.4,90,975.0,3.7,94,19.5,63
Delhi,2026-07-29,29.3,36.5,84,975.7,1.95,79,5.6,61
Delhi,2026-07-30,29.6,36.2,82,975.2,3.62,80,10.8,63
Delhi,2026-07-31,29.6,35.1,79,975.5,4.0,96,4.9,61
Delhi,2026-08-01,29.2,35.1,82,975.3,3.46,81,5.5,63
Delhi,2026-08-02,29.0,35.4,85,976.2,3.33,94,4.8,53
Delhi,2026-08-03,29.1,36.1,87,976.9,3.31,98,14.3,63
Delhi,2026-08-04,27.5,34.4,93,977.8,2.42,100,13.6,61
Delhi,2026-08-05,28.8,35.5,85,975.7,2.15,93,1.9,55
Delhi,2026-08-06,27.2,33.4,90,976.1,2.34,100,12.8,63
Delhi,2026-08-07,26.5,32.2,94,975.8,4.0,98,58.3,65
Delhi,2026-08-08,28.3,34.4,86,976.8,4.38,79,28.9,63
Delhi,2026-08-09,29.9,36.9,81,977.9,2.33,60,3.0,53
Delhi,2026-08-10,28.7,35.7,87,977.3,3.0,93,7.7,63
Delhi,2026-08-11,28.5,35.3,89,977.4,2.7,87,12.5,63
Delhi,2026-08-12,30.1,37.5,82,978.1,3.07,35,2.0,53
Delhi,2026-08-13,30.2,37.9,83,978.1,2.55,45,2.6,55
Delhi,2026-08-14,28.8,36.1,88,978.4,1.66,92,11.6,63
Delhi,2026-08-15,29.3,36.7,86,978.4,2.37,82,4.5,55
Delhi,2026-08-16,30.1,36.6,79,977.0,2.9,96,4.9,63
Delhi,2026-08-17,29.1,35.4,81,977.9,3.25,48,4.5,61
Delhi,2026-08-18,29.6,35.6,76,979.0,2.66,48,3.0,55
Delhi,2026-08-19,29.3,36.0,80,979.7,2.07,82,5.2,63
Delhi,2026-08-20,28.9,35.7,86,979.9,2.08,96,4.5,61
Delhi,2026-08-21,30.2,36.5,78,978.6,3.09,51,0.9,53
Delhi,2026-08-22,29.0,35.1,82,978.6,2.77,49,8.0,63
Delhi,2026-08-23,29.3,35.7,81,979.5,2.88,38,8.2,63
Delhi,2026-08-24,28.7,35.3,83,979.6,3.01,94,6.9,63
Delhi,2026-08-25,28.9,35.8,85,980.0,2.02,88,3.4,55
Delhi,2026-08-26,28.6,35.6,88,979.2,2.27,91,13.5,65
Delhi,2026-08-27,29.9,36.7,80,977.9,2.49,89,0.0,3
Delhi,2026-08-28,30.5,36.1,73,977.7,3.87,43,0.5,53
Delhi,2026-08-29,31.0,36.2,68,977.4,3.5,70,0.0,3
Delhi,2026-08-30,30.9,35.7,66,978.2,3.0,76,0.2,51
Delhi,2026-08-31,31.0,35.3,63,978.6,3.51,81,0.7,51
Delhi,2026-09-01,30.3,35.3,68,980.1,2.9,47,3.9,61
Delhi,2026-09-02,28.0,33.6,81,981.0,2.57,48,13.6,65
Delhi,2026-09-03,28.3,34.3,83,980.3,2.65,49,3.5,53
Delhi,2026-09-04,27.8,33.9,87,981.2,2.53,94,13.3,63
Delhi,2026-09-05,26.4,32.3,93,982.7,3.64,98,23.5,63
Delhi,2026-09-06,25.7,31.1,92,983.2,3.44,76,18.1,63
Delhi,2026-09-07,28.3,34.1,78,982.6,2.55,19,0.9,53
Delhi,2026-09-08,28.9,33.9,74,982.1,3.57,10,1.3,53
Delhi,2026-09-09,29.8,34.3,68,981.7,3.82,5,0.0,1
Delhi,2026-09-10,30.3,34.9,66,982.7,3.19,16,0.0,2
Delhi,2026-09-11,28.4,34.3,82,984.2,3.91,44,8.7,63
Delhi,2026-09-12,28.7,34.8,83,985.2,3.11,86,7.6,63
Delhi,2026-09-13,29.5,34.9,76,985.6,2.85,56,0.6,51
Delhi,2026-09-14,28.9,34.1,78,986.0,3.08,18,3.7,55
Delhi,2026-09-15,29.4,34.6,72,985.3,4.0,11,1.6,53
Delhi,2026-09-16,31.2,36.6,65,983.9,2.17,18,0.3,51
Delhi,2026-09-17,29.1,33.7,69,983.0,3.76,57,2.0,61
Delhi,2026-09-18,28.1,32.7,72,984.2,3.3,7,2.2,55
Bangalore,2026-04-28,29.8,31.2,46,911.0,3.57,87,0.0,3
Bangalore,2026-04-29,29.3,30.7,46,911.3,2.46,49,0.1,51
Bangalore,2026-04-30,27.4,29.8,60,912.0,4.48,30,3.0,63
Bangalore,2026-05-01,25.8,28.6,68,911.8,2.8,15,0.0,2
Bangalore,2026-05-02,27.1,29.6,61,910.8,4.23,72,0.0,3
Bangalore,2026-05-03,27.1,29.0,60,911.0,3.64,79,0.0,3
Bangalore,2026-05-04,27.2,29.0,59,911.2,3.92,74,0.0,3
Bangalore,2026-05-05,26.9,28.1,53,911.7,3.48,85,0.0,3
Bangalore,2026-05-06,26.7,28.3,59,910.7,4.64,52,0.7,51
Bangalore,2026-05-07,26.6,29.0,63,910.6,3.26,65,0.0,3
Bangalore,2026-05-08,26.8,28.8,63,910.9,4.78,62,2.4,53
Bangalore,2026-05-09,25.2,27.8,71,911.0,4.18,79,6.6,63
Bangalore,2026-05-10,26.5,28.1,61,910.5,4.98,87,0.0,3
Bangalore,2026-05-11,27.8,28.8,53,910.7,4.68,70,0.0,3
Bangalore,2026-05-12,28.0,28.7,49,909.8,4.57,47,0.3,51
Bangalore,2026-05-13,28.7,29.6,47,909.0,3.59,75,0.5,51
Bangalore,2026-05-14,29.1,29.9,47,908.2,3.98,77,0.1,51
Bangalore,2026-05-15,27.7,29.2,55,908.4,3.93,84,0.4,51
Bangalore,2026-05-16,27.3,29.4,60,908.6,3.68,71,4.0,55
Bangalore,2026-05-17,28.3,30.5,56,909.2,3.87,56,0.0,3
Bangalore,2026-05-18,25.4,28.6,78,909.4,4.14,96,31.0,65
Bangalore,2026-05-19,24.4,27.6,82,910.2,4.29,93,2.9,53
Bangalore,2026-05-20,25.1,27.9,77,910.4,4.1,93,5.7,63
Bangalore,2026-05-21,26.5,29.7,72,910.6,3.66,50,0.2,51
Bangalore,2026-05-22,25.2,27.7,75,912.3,3.8,79,1.1,53
Bangalore,2026-05-23,23.7,26.7,84,913.0,3.32,86,6.9,63
Bangalore,2026-05-24,24.9,27.5,77,912.8,4.15,61,3.9,61
Bangalore,2026-05-25,25.1,28.4,77,912.4,4.23,42,6.2,63
Bangalore,2026-05-26,25.3,28.9,78,912.5,2.84,64,6.7,61
Bangalore,2026-05-27,25.0,27.9,76,912.8,3.25,92,7.3,61
Bangalore,2026-05-28,25.4,28.8,75,912.9,2.96,86,0.5,51
Bangalore,2026-05-29,25.7,29.0,75,912.5,3.9,69,1.1,53
Bangalore,2026-05-30,25.0,28.2,76,912.1,3.02,66,0.7,51
Bangalore,2026-05-31,25.2,28.1,74,912.2,3.67,75,3.7,53
Bangalore,2026-06-01,25.4,27.8,69,912.7,3.01,61,0.5,51
Bangalore,2026-06-02,26.0,28.8,67,912.0,2.72,36,3.6,53
Bangalore,2026-06-03,23.7,26.7,84,910.7,3.7,71,10.2,63
Bangalore,2026-06-04,24.3,26.2,75,910.0,4.44,83,1.2,53
Bangalore,2026-06-05,23.8,25.3,78,910.1,6.11,93,2.7,53
Bangalore,2026-06-06,23.9,25.6,76,910.6,5.42,98,0.4,51
Bangalore,2026-06-07,24.0,26.1,79,911.4,4.21,99,3.7,53
Bangalore,2026-06-08,24.1,25.8,77,911.6,5.89,100,3.7,61
Bangalore,2026-06-09,23.9,25.1,77,911.3,5.9,92,1.1,51
Bangalore,2026-06-10,24.2,25.6,74,911.3,5.68,87,2.6,61
Bangalore,2026-06-11,24.1,26.1,77,910.9,3.93,92,0.6,51
Bangalore,2026-06-12,23.5,25.9,82,911.7,3.66,93,4.1,61
Bangalore,2026-06-13,23.3,25.5,83,912.3,4.03,87,15.0,63
Bangalore,2026-06-14,23.8,25.9,80,911.8,4.33,85,4.9,61
Bangalore,2026-06-15,24.9,26.4,67,911.2,4.6,52,0.0,3
Bangalore,2026-06-16,25.5,27.7,67,911.4,3.71,49,0.4,51
Bangalore,2026-06-17,25.7,28.2,69,911.6,3.52,64,1.7,53
Bangalore,2026-06-18,23.8,26.1,79,911.7,3.72,97,6.0,61
Bangalore,2026-06-19,24.1,26.6,76,911.8,2.89,95,3.4,61
Bangalore,2026-06-20,24.2,27.4,79,912.0,3.13,95,2.5,55
Bangalore,2026-06-21,24.3,27.1,77,911.8,3.41,98,1.8,53
Bangalore,2026-06-22,24.0,26.2,79,911.8,4.1,92,2.1,53
Bangalore,2026-06-23,24.1,25.0,72,911.5,5.81,92,0.7,51
Bangalore,2026-06-24,24.0,24.8,70,911.1,6.18,77,1.6,53
Bangalore,2026-06-25,24.2,25.8,74,911.0,5.6,60,3.9,61
Bangalore,2026-06-26,24.2,25.9,73,910.9,4.71,72,3.9,55
Bangalore,2026-06-27,24.7,26.7,73,910.3,4.19,84,5.3,63
Bangalore,2026-06-28,23.7,25.5,80,909.6,5.54,80,3.2,61
Bangalore,2026-06-29,22.9,24.4,82,910.3,5.56,67,8.4,61
Bangalore,2026-06-30,23.6,24.4,75,910.8,6.51,95,1.4,53
Bangalore,2026-07-01,22.7,23.3,78,910.5,6.54,99,1.1,51
Bangalore,2026-07-02,24.0,24.9,75,910.6,6.68,98,1.2,51
Bangalore,2026-07-03,23.7,24.5,75,910.9,7.2,96,2.9,53
Bangalore,2026-07-04,23.3,23.4,77,909.9,7.76,99,3.9,53
Bangalore,2026-07-05,24.0,23.6,70,909.6,8.31,94,1.2,51
Bangalore,2026-07-06,24.3,24.1,69,909.8,8.24,93,1.1,51
Bangalore,2026-07-07,24.1,24.0,72,910.4,8.0,85,0.9,51
Bangalore,2026-07-08,24.0,24.6,75,910.4,7.08,88,2.3,61
Bangalore,2026-07-09,24.6,25.9,74,911.4,5.49,89,0.8,51
Bangalore,2026-07-10,24.3,26.0,75,912.6,4.77,89,3.3,53
Bangalore,2026-07-11,25.3,26.2,67,911.9,4.92,84,0.0,3
Bangalore,2026-07-12,25.6,27.1,68,910.4,4.83,94,0.0,3
Bangalore,2026-07-13,25.8,26.7,63,911.0,5.06,83,0.0,3
Bangalore,2026-07-14,25.8,26.7,60,911.1,4.25,89,0.0,3
Bangalore,2026-07-15,25.4,26.2,61,911.8,4.45,80,0.0,3
Bangalore,2026-07-16,25.0,25.9,61,912.1,4.1,85,0.0,3
Bangalore,2026-07-17,22.8,24.4,81,911.8,5.71,96,9.8,63
Bangalore,2026-07-18,22.8,24.3,80,911.4,4.86,98,6.0,61
Bangalore,2026-07-19,23.7,25.5,76,911.4,4.24,99,1.0,53
Bangalore,2026-07-20,22.9,24.8,82,911.7,5.41,94,8.3,63
Bangalore,2026-07-21,24.0,25.3,73,911.8,5.34,100,0.7,51
Bangalore,2026-07-22,22.5,24.0,84,911.8,5.23,95,8.9,63
Bangalore,2026-07-23,24.0,25.3,74,911.1,5.51,68,1.3,53
Bangalore,2026-07-24,24.0,25.4,74,911.0,5.87,89,8.2,63
Bangalore,2026-07-25,23.4,24.7,77,910.7,5.05,79,2.9,53
Bangalore,2026-07-26,23.6,25.0,77,910.4,5.44,92,3.1,61
Bangalore,2026-07-27,24.4,25.3,72,909.7,6.4,99,1.1,53
Bangalore,2026-07-28,24.5,25.3,73,909.1,6.31,97,1.9,53
Bangalore,2026-07-29,24.2,25.1,74,908.4,6.85,100,3.3,61
Bangalore,2026-07-30,24.0,24.8,76,906.9,6.93,100,3.1,53
Bangalore,2026-07-31,24.4,25.6,75,907.1,6.84,95,2.6,53
Bangalore,2026-08-01,23.2,24.9,82,908.6,5.39,96,17.0,63
Bangalore,2026-08-02,24.3,25.7,75,910.2,5.06,94,1.1,51
Bangalore,2026-08-03,23.3,25.3,81,910.9,4.72,93,8.9,61
Bangalore,2026-08-04,22.8,24.9,85,911.2,4.62,92,18.5,63
Bangalore,2026-08-05,22.8,24.8,84,910.4,5.6,93,9.5,63
Bangalore,2026-08-06,22.5,24.2,85,909.8,5.85,97,16.5,63
Bangalore,2026-08-07,22.1,23.8,88,909.5,5.24,99,16.8,65
Bangalore,2026-08-08,22.9,24.6,82,909.7,5.14,96,4.1,61
Bangalore,2026-08-09,23.8,25.7,78,910.5,4.56,73,2.0,53
Bangalore,2026-08-10,23.5,25.8,80,910.3,4.25,65,5.6,61
Bangalore,2026-08-11,23.8,25.9,78,909.9,4.06,81,1.5,51
Bangalore,2026-08-12,23.9,25.5,75,911.1,4.56,90,0.6,51
Bangalore,2026-08-13,24.0,25.8,76,912.2,5.0,96,5.6,63
Bangalore,2026-08-14,23.9,25.5,76,912.0,4.58,99,5.3,53
Bangalore,2026-08-15,24.3,25.2,71,912.1,5.55,92,1.1,51
Bangalore,2026-08-16,24.7,25.8,68,912.0,6.05,96,0.2,51
Bangalore,2026-08-17,24.2,25.4,71,912.9,4.93,92,1.2,53
Bangalore,2026-08-18,24.3,25.9,72,913.2,4.51,84,2.8,61
Bangalore,2026-08-19,23.8,25.7,78,912.8,4.89,98,6.8,61
Bangalore,2026-08-20,23.4,25.4,81,912.4,4.76,89,5.2,55
Bangalore,2026-08-21,23.3,24.7,76,912.0,4.84,72,2.0,51
Bangalore,2026-08-22,22.7,24.1,81,911.5,6.17,96,3.6,53
Bangalore,2026-08-23,22.9,24.6,83,911.3,4.96,96,9.8,63
Bangalore,2026-08-24,22.3,24.1,87,911.6,5.27,99,18.2,63
Bangalore,2026-08-25,22.9,24.6,83,912.1,5.46,91,6.3,61
Bangalore,2026-08-26,23.6,25.3,78,912.6,4.81,75,1.9,53
Bangalore,2026-08-27,23.8,25.4,77,912.5,5.26,93,2.0,53
Bangalore,2026-08-28,23.6,25.2,76,912.3,5.25,75,1.3,51
Bangalore,2026-08-29,23.1,24.1,77,912.4,6.21,93,2.8,55
Bangalore,2026-08-30,23.3,24.2,74,912.5,5.5,83,3.2,53
Bangalore,2026-08-31,23.7,24.7,72,912.4,5.35,94,1.0,51
Bangalore,2026-09-01,23.9,25.7,73,912.6,4.41,78,2.2,51
Bangalore,2026-09-02,24.6,26.4,71,913.1,3.78,87,1.8,53
Bangalore,2026-09-03,24.1,25.9,73,912.7,4.54,96,3.6,61
Bangalore,2026-09-04,24.7,26.9,73,912.9,3.63,90,3.5,61
Bangalore,2026-09-05,25.9,27.9,64,914.0,3.18,55,0.0,3
Bangalore,2026-09-06,26.2,27.9,60,914.6,3.45,97,1.1,51
Bangalore,2026-09-07,25.9,27.5,62,914.6,3.69,67,0.0,3
Bangalore,2026-09-08,25.5,26.9,64,914.2,4.15,47,1.6,53
Bangalore,2026-09-09,25.5,27.0,65,913.0,4.05,75,5.1,63
Bangalore,2026-09-10,25.8,27.6,64,912.1,3.8,82,1.0,51
Bangalore,2026-09-11,26.2,28.1,63,911.2,3.63,89,0.7,51
Bangalore,2026-09-12,26.3,28.0,58,911.2,2.75,99,0.1,51
Bangalore,2026-09-13,25.4,26.8,58,913.0,2.76,99,0.0,3
Bangalore,2026-09-14,25.1,27.5,66,913.9,3.08,89,9.1,63
Bangalore,2026-09-15,24.4,27.5,75,914.3,3.52,65,9.0,61
Bangalore,2026-09-16,25.5,28.1,67,914.4,2.32,72,5.4,63
Bangalore,2026-09-17,25.2,27.7,70,913.7,3.25,56,5.8,61
Bangalore,2026-09-18,25.9,28.2,67,913.6,3.75,88,2.3,53
