timestamp,open,high,low,close,volume,symbol,fetch_timestamp
2026-04-28,424.57,429.92,421.9,429.25,30438087,MSFT,2026-09-19 18:07:45.397431
2026-04-29,424.575,426.82,420.29,424.46,38288316,MSFT,2026-09-19 18:07:45.397431
2026-04-30,410.81,414.42,398.01,407.78,70909408,MSFT,2026-09-19 18:07:45.397431
2026-05-01,412.8,417.11,410.435,414.44,31372361,MSFT,2026-09-19 18:07:45.397431
2026-05-04,411.54,420.78,410.8,413.62,28066528,MSFT,2026-09-19 18:07:45.397431
2026-05-05,415.32,416.7799,408.8,411.38,25700891,MSFT,2026-09-19 18:07:45.397431
2026-05-06,408.0,418.4228,405.11,413.96,30285898,MSFT,2026-09-19 18:07:45.397431
2026-05-07,420.11,427.98,418.76,420.77,34942445,MSFT,2026-09-19 18:07:45.397431
2026-05-08,417.385,418.63,414.0,415.12,33383790,MSFT,2026-09-19 18:07:45.397431
2026-05-11,407.87,412.69,405.5,412.66,35657943,MSFT,2026-09-19 18:07:45.397431
2026-05-12,414.48,415.5,406.64,407.77,38594221,MSFT,2026-09-19 18:07:45.397431
2026-05-13,403.2,406.31,401.03,405.21,29667073,MSFT,2026-09-19 18:07:45.397431
2026-05-14,404.48,411.84,400.88,409.43,27077542,MSFT,2026-09-19 18:07:45.397431
2026-05-15,414.27,428.17,412.91,421.92,50771160,MSFT,2026-09-19 18:07:45.397431
2026-05-18,416.62,425.12,415.61,423.54,32564130,MSFT,2026-09-19 18:07:45.397431
2026-05-19,429.9,432.7,416.49,417.42,33018678,MSFT,2026-09-19 18:07:45.397431
2026-05-20,414.165,422.1,411.3001,421.06,27655979,MSFT,2026-09-19 18:07:45.397431
2026-05-21,424.75,426.34,415.71,419.09,31393469,MSFT,2026-09-19 18:07:45.397431
2026-05-22,419.535,424.4,416.33,418.57,22390344,MSFT,2026-09-19 18:07:45.397431
2026-05-26,416.43,419.77,413.02,416.03,30398049,MSFT,2026-09-19 18:07:45.397431
2026-05-27,411.01,415.94,409.58,412.67,28901479,MSFT,2026-09-19 18:07:45.397431
2026-05-28,412.975,429.49,412.67,426.99,47250541,MSFT,2026-09-19 18:07:45.397431
2026-05-29,432.545,450.33,432.36,450.24,79654376,MSFT,2026-09-19 18:07:45.397431
2026-06-01,464.84,466.32,458.27,460.52,53628910,MSFT,2026-09-19 18:07:45.397431
2026-06-02,446.88,453.5,440.43,441.31,37036801,MSFT,2026-09-19 18:07:45.397431
2026-06-03,438.45,440.39,424.25,427.34,39037007,MSFT,2026-09-19 18:07:45.397431
2026-06-04,435.81,436.15,426.41,428.05,26899511,MSFT,2026-09-19 18:07:45.397431
2026-06-05,428.34,429.47,414.4,416.67,34782164,MSFT,2026-09-19 18:07:45.397431
2026-06-08,414.14,417.1599,408.56,411.74,32086714,MSFT,2026-09-19 18:07:45.397431
2026-06-09,409.03,411.98,398.48,403.41,35317302,MSFT,2026-09-19 18:07:45.397431
2026-06-10,398.55,405.04,397.16,397.36,32576041,MSFT,2026-09-19 18:07:45.397431
2026-06-11,395.205,396.85,384.0,390.34,47224135,MSFT,2026-09-19 18:07:45.397431
2026-06-12,391.43,391.74,382.27,390.74,34922036,MSFT,2026-09-19 18:07:45.397431
2026-06-15,396.795,401.75,392.845,399.76,32266437,MSFT,2026-09-19 18:07:45.397431
2026-06-16,395.79,396.84,390.69,393.83,31506846,MSFT,2026-09-19 18:07:45.397431
2026-06-17,390.25,390.37,377.32,378.91,41987834,MSFT,2026-09-19 18:07:45.397431
2026-06-18,377.82,381.37,373.28,379.4,59714157,MSFT,2026-09-19 18:07:45.397431
2026-06-22,375.74,381.63,367.07,367.34,45171106,MSFT,2026-09-19 18:07:45.397431
2026-06-23,372.38,377.22,370.67,373.94,40647605,MSFT,2026-09-19 18:07:45.397431
2026-06-24,371.57,378.88,364.78,365.46,44509854,MSFT,2026-09-19 18:07:45.397431
2026-06-25,362.77,364.23,349.2,352.83,66360473,MSFT,2026-09-19 18:07:45.397431
2026-06-26,357.15,376.61,355.43,372.97,186201631,MSFT,2026-09-19 18:07:45.397431
2026-06-29,377.5,380.5,359.9,368.57,51229885,MSFT,2026-09-19 18:07:45.397431
2026-06-30,371.03,374.15,367.45,373.02,44945696,MSFT,2026-09-19 18:07:45.397431
2026-07-01,380.825,388.83,374.89,384.28,48065801,MSFT,2026-09-19 18:07:45.397431
2026-07-02,384.48,392.2,383.7,390.49,42194409,MSFT,2026-09-19 18:07:45.397431
2026-07-06,387.04,389.15,381.22,386.74,34224543,MSFT,2026-09-19 18:07:45.397431
2026-07-07,392.49,395.57,388.22,388.84,29297524,MSFT,2026-09-19 18:07:45.397431
2026-07-08,384.03,385.31,381.33,383.34,25908255,MSFT,2026-09-19 18:07:45.397431
2026-07-09,374.45,384.65,373.35,384.36,31083197,MSFT,2026-09-19 18:07:45.397431
2026-07-10,387.8,391.91,381.5,385.1,24644605,MSFT,2026-09-19 18:07:45.397431
2026-07-13,387.745,393.65,384.15,390.99,28914877,MSFT,2026-09-19 18:07:45.397431
2026-07-14,382.82,388.19,378.65,384.93,27863916,MSFT,2026-09-19 18:07:45.397431
2026-07-15,387.8,398.96,386.4,395.63,36253745,MSFT,2026-09-19 18:07:45.397431
2026-07-16,398.31,405.99,392.0501,401.1,37047443,MSFT,2026-09-19 18:07:45.397431
2026-07-17,394.855,398.39,389.39,393.82,33049842,MSFT,2026-09-19 18:07:45.397431
2026-07-20,391.41,403.18,389.65,402.29,27915762,MSFT,2026-09-19 18:07:45.397431
2026-07-21,398.805,401.47,396.32,397.75,24126632,MSFT,2026-09-19 18:07:45.397431
2026-07-22,399.58,401.0,386.96,390.34,28142511,MSFT,2026-09-19 18:07:45.397431
2026-07-23,389.965,391.78,377.39,381.58,30351752,MSFT,2026-09-19 18:07:45.397431
2026-07-24,387.05,389.03,380.65,381.7,27659388,MSFT,2026-09-19 18:07:45.397431
2026-07-27,390.08,394.2,387.99,389.1,27856160,MSFT,2026-09-19 18:07:45.397431
2026-07-28,393.16,400.32,391.3,393.35,32367546,MSFT,2026-09-19 18:07:45.397431
2026-07-29,393.4,401.25,388.74,390.54,47209032,MSFT,2026-09-19 18:07:45.397431
2026-07-30,437.9,458.69,432.44,451.1,110160704,MSFT,2026-09-19 18:07:45.397431
2026-07-31,450.0,466.84,449.33,464.72,60845971,MSFT,2026-09-19 18:07:45.397431
2026-08-03,476.125,491.65,475.0,487.65,66762074,MSFT,2026-09-19 18:07:45.397431
2026-08-04,480.9,499.4399,479.17,492.81,50455454,MSFT,2026-09-19 18:07:45.397431
2026-08-05,496.355,498.24,485.68,487.46,33388871,MSFT,2026-09-19 18:07:45.397431
2026-08-06,488.55,501.555,488.52,499.86,36441544,MSFT,2026-09-19 18:07:45.397431
2026-08-07,499.21,505.18,498.73,499.99,28846235,MSFT,2026-09-19 18:07:45.397431
2026-08-10,503.44,513.73,502.27,506.06,31206137,MSFT,2026-09-19 18:07:45.397431
2026-08-11,504.33,505.33,499.55,503.81,23049791,MSFT,2026-09-19 18:07:45.397431
2026-08-12,499.99,501.5,491.52,492.43,29001478,MSFT,2026-09-19 18:07:45.397431
2026-08-13,493.265,501.34,493.01,496.88,23038979,MSFT,2026-09-19 18:07:45.397431
2026-08-14,496.355,500.01,493.92,495.4,16217647,MSFT,2026-09-19 18:07:45.397431
2026-08-17,490.14,492.66,478.41,480.35,29635848,MSFT,2026-09-19 18:07:45.397431
2026-08-18,481.54,484.27,477.1505,481.63,24087591,MSFT,2026-09-19 18:07:45.397431
2026-08-19,480.065,489.3,479.36,484.31,19961871,MSFT,2026-09-19 18:07:45.397431
2026-08-20,483.3,484.16,479.5,481.15,20020822,MSFT,2026-09-19 18:07:45.397431
2026-08-21,479.88,486.36,478.53,483.24,22510774,MSFT,2026-09-19 18:07:45.397431
2026-08-24,483.205,490.605,481.86,487.31,17230751,MSFT,2026-09-19 18:07:45.397431
2026-08-25,485.44,492.435,484.3,491.71,19518987,MSFT,2026-09-19 18:07:45.397431
2026-08-26,487.85,497.4,487.31,496.37,20758853,MSFT,2026-09-19 18:07:45.397431
2026-08-27,494.88,506.48,490.08,505.06,28688756,MSFT,2026-09-19 18:07:45.397431
2026-08-28,505.33,517.78,504.8675,513.53,29207325,MSFT,2026-09-19 18:07:45.397431
2026-08-31,510.38,512.19,506.39,507.29,27208911,MSFT,2026-09-19 18:07:45.397431
2026-09-01,497.52,505.97,496.78,501.02,21046892,MSFT,2026-09-19 18:07:45.397431
2026-09-02,499.85,500.27,493.81,496.82,15336074,MSFT,2026-09-19 18:07:45.397431
2026-09-03,501.66,515.65,500.8,510.12,24125893,MSFT,2026-09-19 18:07:45.397431
2026-09-04,510.0,511.0,499.36,499.7,18101758,MSFT,2026-09-19 18:07:45.397431
2026-09-08,493.01,495.19,490.15,493.95,18882338,MSFT,2026-09-19 18:07:45.397431
2026-09-09,493.07,494.39,489.8,491.65,12889572,MSFT,2026-09-19 18:07:45.397431
2026-09-10,488.32,494.52,486.0,492.44,16038805,MSFT,2026-09-19 18:07:45.397431
2026-09-11,495.65,498.97,492.58,495.63,14518435,MSFT,2026-09-19 18:07:45.397431
2026-09-14,497.06,509.95,495.3416,505.41,23091892,MSFT,2026-09-19 18:07:45.397431
2026-09-15,500.06,505.9,495.54,497.12,17794612,MSFT,2026-09-19 18:07:45.397431
2026-09-16,493.03,495.97,487.23,490.3,16670285,MSFT,2026-09-19 18:07:45.397431
2026-09-17,497.795,501.47,493.17,497.75,17841640,MSFT,2026-09-19 18:07:45.397431
2026-09-18,497.965,498.65,491.1,493.78,39622288,MSFT,2026-09-19 18:07:45.397431
